-- phpMyAdmin SQL Dump
-- version 4.7.4
-- https://www.phpmyadmin.net/
--
-- Hôte : 127.0.0.1:3306
-- Généré le :  jeu. 15 mars 2018 à 13:55
-- Version du serveur :  5.7.19
-- Version de PHP :  7.1.9

SET SQL_MODE = "NO_AUTO_VALUE_ON_ZERO";
SET AUTOCOMMIT = 0;
START TRANSACTION;
SET time_zone = "+00:00";


/*!40101 SET @OLD_CHARACTER_SET_CLIENT=@@CHARACTER_SET_CLIENT */;
/*!40101 SET @OLD_CHARACTER_SET_RESULTS=@@CHARACTER_SET_RESULTS */;
/*!40101 SET @OLD_COLLATION_CONNECTION=@@COLLATION_CONNECTION */;
/*!40101 SET NAMES utf8mb4 */;

--
-- Base de données :  `blog`
--

-- --------------------------------------------------------

--
-- Structure de la table `admin_request`
--

DROP TABLE IF EXISTS `admin_request`;
CREATE TABLE IF NOT EXISTS `admin_request` (
  `id` int(11) NOT NULL AUTO_INCREMENT,
  `id_user` int(11) NOT NULL,
  `request` text NOT NULL,
  `status` tinyint(1) NOT NULL,
  PRIMARY KEY (`id`),
  UNIQUE KEY `idUser` (`id_user`)
) ENGINE=MyISAM AUTO_INCREMENT=8 DEFAULT CHARSET=utf8;

--
-- Déchargement des données de la table `admin_request`
--

INSERT INTO `admin_request` (`id`, `id_user`, `request`, `status`) VALUES
(7, 10, 'fse fs fes fsef sef sfse fs fes fsef sef sfse fs fes fsef sef sfse fs fes fsef sef sfse fs fes fsef sef sfse fs fes fsef sef sfse fs fes fsef sef sfse fs fes fsef sef sfse fs fes fsef sef sfse fs fes fsef sef s', 1);

-- --------------------------------------------------------

--
-- Structure de la table `article`
--

DROP TABLE IF EXISTS `article`;
CREATE TABLE IF NOT EXISTS `article` (
  `id` int(11) NOT NULL AUTO_INCREMENT,
  `title` varchar(255) NOT NULL,
  `header_text` varchar(512) NOT NULL,
  `content` text NOT NULL,
  `creation_date` datetime NOT NULL,
  `edit_date` datetime DEFAULT NULL,
  `id_user` int(11) NOT NULL,
  `id_category` int(11) NOT NULL,
  PRIMARY KEY (`id`)
) ENGINE=MyISAM AUTO_INCREMENT=75 DEFAULT CHARSET=utf8;

--
-- Déchargement des données de la table `article`
--

INSERT INTO `article` (`id`, `title`, `header_text`, `content`, `creation_date`, `edit_date`, `id_user`, `id_category`) VALUES
(25, 'Armatos extremas dentium acie stridens cum !', 'Vobis erga nostro dicendi illum Atratine pudor pudor licentiam esse patiebatur Atratino erga moderatur male.', '<p><b>Eminuit autem inter humilia supergres</b>sa iam impotentia fines mediocrium delictorum nefanda Clematii cuiusdam Alexandrini nobilis mors repentina; cuius socrus cum misceri sibi generum, flagrans eius amore, non impetraret, ut ferebatur, per palatii pseudothyrum introducta, oblato pretioso reginae monili id adsecuta est, ut ad Honoratum tum comitem orientis formula missa letali omnino scelere nullo contactus idem Clematius nec hiscere nec loqui permissus occideretur.\r\n\r\nArdeo, mihi credite, Patres conscripti (id quod vosmet de me existimatis et facitis ipsi) incredibili quodam amore patriae, qui me amor et subvenire olim impendentibus periculis maximis cum dimicatione capitis, et rursum, cum omnia tela undique esse intenta in patriam viderem, subire coegit atque excipere unum pro universis. Hic me meus in rem publicam animus pristinus ac perennis cum C.</p><p>Caesare reducit, reconciliat, restituit in gratiam.\r\n\r\nUt enim benefici liberalesque sumus, non ut exigamus gratiam (neque enim beneficium faeneramur sed natura propensi ad liberalitatem sumus), sic amicitiam non spe mercedis adducti sed quod omnis eius fructus in ipso amore inest, expetendam putamus.\r\n\r\nAbusus enim multitudine hominum, quam tranquillis in rebus diutius rexit, ex agrestibus habitaculis urbes construxit multis opibus firmas et viribus, quarum ad praesens pleraeque licet Graecis nominibus appellentur, quae isdem ad arbitrium inposita sunt conditoris, primigenia tamen nomina non amittunt, quae eis Assyria lingua institutores veteres indiderunt.</p><p>Nec minus feminae quoque calamitatum participes fuere similium. nam ex hoc quoque sexu peremptae sunt originis altae conplures, adulteriorum flagitiis obnoxiae vel stuprorum. inter quas notiores fuere Claritas et Flaviana, quarum altera cum duceretur ad mortem, indumento, quo vestita erat, abrepto, ne velemen quidem secreto membrorum sufficiens retinere permissa est. ideoque carnifex nefas admisisse convictus inmane, vivus exustus est.</p><li>restituit&nbsp;</li><li>restituit&nbsp;</li><li>restituit&nbsp;</li><li>restituit&nbsp;</li><li>restituit&nbsp;</li><li>restituit&nbsp;<br></li>', '2018-02-26 13:31:11', '2018-03-15 14:45:52', 1, 3),
(51, 'Plaga Gabini solacio sane se expectet insignem exemplo una sit.', 'Pulchris excellit celebritateque Phoenice quibus nominum urbibus excellit Berytus monti regio gratiarum in adclinis hanc Sidon adclinis saeculis priscis gratiarum magnis Phoenice monti Sidon Damascus Phoenice in Tyros plena et.', '<p><u><b>Moturus terrae reges ter petit tepore reges Valentiam excursibus in.</b></u></p><p>Haec igitur prima lex amicitiae sanciatur, ut ab amicis honesta petamus, amicorum causa honesta faciamus, ne exspectemus quidem, dum rogemur; studium semper adsit, cunctatio absit; consilium vero dare audeamus libere. Plurimum in amicitia amicorum bene suadentium valeat auctoritas, eaque et adhibeatur ad monendum non modo aperte sed etiam acriter, si res postulabit, et adhibitae pareatur.</p><p><u><span style=\"font-weight: 700;\">Moturus terrae reges ter petit tepore reges Valentiam excursibus in.</span></u></p><p>Et quia Mesopotamiae tractus omnes crebro inquietari sueti praetenturis et stationibus servabantur agrariis, laevorsum flexo itinere Osdroenae subsederat extimas partes, novum parumque aliquando temptatum commentum adgressus. quod si impetrasset, fulminis modo cuncta vastarat. erat autem quod cogitabat huius modi.</p><p><u><span style=\"font-weight: 700;\">Moturus terrae reges ter petit tepore reges Valentiam excursibus in.</span></u></p><p>Principium autem unde latius se funditabat, emersit ex negotio tali. Chilo ex vicario et coniux eius Maxima nomine, questi apud Olybrium ea tempestate urbi praefectum, vitamque suam venenis petitam adseverantes inpetrarunt ut hi, quos suspectati sunt, ilico rapti conpingerentur in vincula, organarius Sericus et Asbolius palaestrita et aruspex Campensis.</p><p><u><span style=\"font-weight: 700;\">Moturus terrae reges ter petit tepore reges Valentiam excursibus in.</span></u></p><p>Et quoniam mirari posse quosdam peregrinos existimo haec lecturos forsitan, si contigerit, quamobrem cum oratio ad ea monstranda deflexerit quae Romae gererentur, nihil praeter seditiones narratur et tabernas et vilitates harum similis alias, summatim causas perstringam nusquam a veritate sponte propria digressurus.</p><p><br></p><p>Saraceni tamen nec amici nobis umquam nec hostes optandi, ultro citroque discursantes quicquid inveniri poterat momento temporis parvi vastabant milvorum rapacium similes, qui si praedam dispexerint celsius, volatu rapiunt celeri, aut nisi impetraverint, non inmorantur.</p>', '2018-03-15 14:27:39', NULL, 1, 7),
(52, 'Plaga Gabini solacio sane se expectet insignem exemplo una sit.', 'Pulchris excellit celebritateque Phoenice quibus nominum urbibus excellit Berytus monti regio gratiarum in adclinis hanc Sidon adclinis saeculis priscis gratiarum magnis Phoenice monti Sidon Damascus Phoenice in Tyros plena et.', '<p><u><span style=\"font-weight: 700;\">Moturus terrae reges ter petit tepore reges Valentiam excursibus in.</span></u></p><p>Haec igitur prima lex amicitiae sanciatur, ut ab amicis honesta petamus, amicorum causa honesta faciamus, ne exspectemus quidem, dum rogemur; studium semper adsit, cunctatio absit; consilium vero dare audeamus libere. Plurimum in amicitia amicorum bene suadentium valeat auctoritas, eaque et adhibeatur ad monendum non modo aperte sed etiam acriter, si res postulabit, et adhibitae pareatur.</p><p><u><span style=\"font-weight: 700;\">Moturus terrae reges ter petit tepore reges Valentiam excursibus in.</span></u></p><p>Et quia Mesopotamiae tractus omnes crebro inquietari sueti praetenturis et stationibus servabantur agrariis, laevorsum flexo itinere Osdroenae subsederat extimas partes, novum parumque aliquando temptatum commentum adgressus. quod si impetrasset, fulminis modo cuncta vastarat. erat autem quod cogitabat huius modi.</p><p><u><span style=\"font-weight: 700;\">Moturus terrae reges ter petit tepore reges Valentiam excursibus in.</span></u></p><p>Principium autem unde latius se funditabat, emersit ex negotio tali. Chilo ex vicario et coniux eius Maxima nomine, questi apud Olybrium ea tempestate urbi praefectum, vitamque suam venenis petitam adseverantes inpetrarunt ut hi, quos suspectati sunt, ilico rapti conpingerentur in vincula, organarius Sericus et Asbolius palaestrita et aruspex Campensis.</p><p><u><span style=\"font-weight: 700;\">Moturus terrae reges ter petit tepore reges Valentiam excursibus in.</span></u></p><p>Et quoniam mirari posse quosdam peregrinos existimo haec lecturos forsitan, si contigerit, quamobrem cum oratio ad ea monstranda deflexerit quae Romae gererentur, nihil praeter seditiones narratur et tabernas et vilitates harum similis alias, summatim causas perstringam nusquam a veritate sponte propria digressurus.</p><p><br></p><p>Saraceni tamen nec amici nobis umquam nec hostes optandi, ultro citroque discursantes quicquid inveniri poterat momento temporis parvi vastabant milvorum rapacium similes, qui si praedam dispexerint celsius, volatu rapiunt celeri, aut nisi impetraverint, non inmorantur.</p>', '2018-03-15 14:28:54', NULL, 7, 3),
(53, 'Plaga Gabini solacio sane se expectet insignem exemplo una sit.', 'Pulchris excellit celebritateque Phoenice quibus nominum urbibus excellit Berytus monti regio gratiarum in adclinis hanc Sidon adclinis saeculis priscis gratiarum magnis Phoenice monti Sidon Damascus Phoenice in Tyros plena et.', '<p><u><span style=\"font-weight: 700;\">Moturus terrae reges ter petit tepore reges Valentiam excursibus in.</span></u></p><p>Haec igitur prima lex amicitiae sanciatur, ut ab amicis honesta petamus, amicorum causa honesta faciamus, ne exspectemus quidem, dum rogemur; studium semper adsit, cunctatio absit; consilium vero dare audeamus libere. Plurimum in amicitia amicorum bene suadentium valeat auctoritas, eaque et adhibeatur ad monendum non modo aperte sed etiam acriter, si res postulabit, et adhibitae pareatur.</p><p><u><span style=\"font-weight: 700;\">Moturus terrae reges ter petit tepore reges Valentiam excursibus in.</span></u></p><p>Et quia Mesopotamiae tractus omnes crebro inquietari sueti praetenturis et stationibus servabantur agrariis, laevorsum flexo itinere Osdroenae subsederat extimas partes, novum parumque aliquando temptatum commentum adgressus. quod si impetrasset, fulminis modo cuncta vastarat. erat autem quod cogitabat huius modi.</p><p><u><span style=\"font-weight: 700;\">Moturus terrae reges ter petit tepore reges Valentiam excursibus in.</span></u></p><p>Principium autem unde latius se funditabat, emersit ex negotio tali. Chilo ex vicario et coniux eius Maxima nomine, questi apud Olybrium ea tempestate urbi praefectum, vitamque suam venenis petitam adseverantes inpetrarunt ut hi, quos suspectati sunt, ilico rapti conpingerentur in vincula, organarius Sericus et Asbolius palaestrita et aruspex Campensis.</p><p><u><span style=\"font-weight: 700;\">Moturus terrae reges ter petit tepore reges Valentiam excursibus in.</span></u></p><p>Et quoniam mirari posse quosdam peregrinos existimo haec lecturos forsitan, si contigerit, quamobrem cum oratio ad ea monstranda deflexerit quae Romae gererentur, nihil praeter seditiones narratur et tabernas et vilitates harum similis alias, summatim causas perstringam nusquam a veritate sponte propria digressurus.</p><p><br></p><p>Saraceni tamen nec amici nobis umquam nec hostes optandi, ultro citroque discursantes quicquid inveniri poterat momento temporis parvi vastabant milvorum rapacium similes, qui si praedam dispexerint celsius, volatu rapiunt celeri, aut nisi impetraverint, non inmorantur.</p>', '2018-03-15 14:29:06', NULL, 7, 7),
(54, 'Plaga Gabini solacio sane se expectet insignem exemplo una sit.', 'Pulchris excellit celebritateque Phoenice quibus nominum urbibus excellit Berytus monti regio gratiarum in adclinis hanc Sidon adclinis saeculis priscis gratiarum magnis Phoenice monti Sidon Damascus Phoenice in Tyros plena et.', '<p><u><span style=\"font-weight: 700;\">Moturus terrae reges ter petit tepore reges Valentiam excursibus in.</span></u></p><p>Haec igitur prima lex amicitiae sanciatur, ut ab amicis honesta petamus, amicorum causa honesta faciamus, ne exspectemus quidem, dum rogemur; studium semper adsit, cunctatio absit; consilium vero dare audeamus libere. Plurimum in amicitia amicorum bene suadentium valeat auctoritas, eaque et adhibeatur ad monendum non modo aperte sed etiam acriter, si res postulabit, et adhibitae pareatur.</p><p><u><span style=\"font-weight: 700;\">Moturus terrae reges ter petit tepore reges Valentiam excursibus in.</span></u></p><p>Et quia Mesopotamiae tractus omnes crebro inquietari sueti praetenturis et stationibus servabantur agrariis, laevorsum flexo itinere Osdroenae subsederat extimas partes, novum parumque aliquando temptatum commentum adgressus. quod si impetrasset, fulminis modo cuncta vastarat. erat autem quod cogitabat huius modi.</p><p><u><span style=\"font-weight: 700;\">Moturus terrae reges ter petit tepore reges Valentiam excursibus in.</span></u></p><p>Principium autem unde latius se funditabat, emersit ex negotio tali. Chilo ex vicario et coniux eius Maxima nomine, questi apud Olybrium ea tempestate urbi praefectum, vitamque suam venenis petitam adseverantes inpetrarunt ut hi, quos suspectati sunt, ilico rapti conpingerentur in vincula, organarius Sericus et Asbolius palaestrita et aruspex Campensis.</p><p><u><span style=\"font-weight: 700;\">Moturus terrae reges ter petit tepore reges Valentiam excursibus in.</span></u></p><p>Et quoniam mirari posse quosdam peregrinos existimo haec lecturos forsitan, si contigerit, quamobrem cum oratio ad ea monstranda deflexerit quae Romae gererentur, nihil praeter seditiones narratur et tabernas et vilitates harum similis alias, summatim causas perstringam nusquam a veritate sponte propria digressurus.</p><p><br></p><p>Saraceni tamen nec amici nobis umquam nec hostes optandi, ultro citroque discursantes quicquid inveniri poterat momento temporis parvi vastabant milvorum rapacium similes, qui si praedam dispexerint celsius, volatu rapiunt celeri, aut nisi impetraverint, non inmorantur.</p>', '2018-03-15 14:29:09', NULL, 7, 3),
(55, 'Plaga Gabini solacio sane se expectet insignem exemplo una sit.', 'Pulchris excellit celebritateque Phoenice quibus nominum urbibus excellit Berytus monti regio gratiarum in adclinis hanc Sidon adclinis saeculis priscis gratiarum magnis Phoenice monti Sidon Damascus Phoenice in Tyros plena et.', '<p><u><span style=\"font-weight: 700;\">Moturus terrae reges ter petit tepore reges Valentiam excursibus in.</span></u></p><p>Haec igitur prima lex amicitiae sanciatur, ut ab amicis honesta petamus, amicorum causa honesta faciamus, ne exspectemus quidem, dum rogemur; studium semper adsit, cunctatio absit; consilium vero dare audeamus libere. Plurimum in amicitia amicorum bene suadentium valeat auctoritas, eaque et adhibeatur ad monendum non modo aperte sed etiam acriter, si res postulabit, et adhibitae pareatur.</p><p><u><span style=\"font-weight: 700;\">Moturus terrae reges ter petit tepore reges Valentiam excursibus in.</span></u></p><p>Et quia Mesopotamiae tractus omnes crebro inquietari sueti praetenturis et stationibus servabantur agrariis, laevorsum flexo itinere Osdroenae subsederat extimas partes, novum parumque aliquando temptatum commentum adgressus. quod si impetrasset, fulminis modo cuncta vastarat. erat autem quod cogitabat huius modi.</p><p><u><span style=\"font-weight: 700;\">Moturus terrae reges ter petit tepore reges Valentiam excursibus in.</span></u></p><p>Principium autem unde latius se funditabat, emersit ex negotio tali. Chilo ex vicario et coniux eius Maxima nomine, questi apud Olybrium ea tempestate urbi praefectum, vitamque suam venenis petitam adseverantes inpetrarunt ut hi, quos suspectati sunt, ilico rapti conpingerentur in vincula, organarius Sericus et Asbolius palaestrita et aruspex Campensis.</p><p><u><span style=\"font-weight: 700;\">Moturus terrae reges ter petit tepore reges Valentiam excursibus in.</span></u></p><p>Et quoniam mirari posse quosdam peregrinos existimo haec lecturos forsitan, si contigerit, quamobrem cum oratio ad ea monstranda deflexerit quae Romae gererentur, nihil praeter seditiones narratur et tabernas et vilitates harum similis alias, summatim causas perstringam nusquam a veritate sponte propria digressurus.</p><p><br></p><p>Saraceni tamen nec amici nobis umquam nec hostes optandi, ultro citroque discursantes quicquid inveniri poterat momento temporis parvi vastabant milvorum rapacium similes, qui si praedam dispexerint celsius, volatu rapiunt celeri, aut nisi impetraverint, non inmorantur.</p>', '2018-03-15 14:29:13', NULL, 7, 7),
(56, 'Plaga Gabini solacio sane se expectet insignem exemplo una sit.', 'Pulchris excellit celebritateque Phoenice quibus nominum urbibus excellit Berytus monti regio gratiarum in adclinis hanc Sidon adclinis saeculis priscis gratiarum magnis Phoenice monti Sidon Damascus Phoenice in Tyros plena et.', '<p><u><span style=\"font-weight: 700;\">Moturus terrae reges ter petit tepore reges Valentiam excursibus in.</span></u></p><p>Haec igitur prima lex amicitiae sanciatur, ut ab amicis honesta petamus, amicorum causa honesta faciamus, ne exspectemus quidem, dum rogemur; studium semper adsit, cunctatio absit; consilium vero dare audeamus libere. Plurimum in amicitia amicorum bene suadentium valeat auctoritas, eaque et adhibeatur ad monendum non modo aperte sed etiam acriter, si res postulabit, et adhibitae pareatur.</p><p><u><span style=\"font-weight: 700;\">Moturus terrae reges ter petit tepore reges Valentiam excursibus in.</span></u></p><p>Et quia Mesopotamiae tractus omnes crebro inquietari sueti praetenturis et stationibus servabantur agrariis, laevorsum flexo itinere Osdroenae subsederat extimas partes, novum parumque aliquando temptatum commentum adgressus. quod si impetrasset, fulminis modo cuncta vastarat. erat autem quod cogitabat huius modi.</p><p><u><span style=\"font-weight: 700;\">Moturus terrae reges ter petit tepore reges Valentiam excursibus in.</span></u></p><p>Principium autem unde latius se funditabat, emersit ex negotio tali. Chilo ex vicario et coniux eius Maxima nomine, questi apud Olybrium ea tempestate urbi praefectum, vitamque suam venenis petitam adseverantes inpetrarunt ut hi, quos suspectati sunt, ilico rapti conpingerentur in vincula, organarius Sericus et Asbolius palaestrita et aruspex Campensis.</p><p><u><span style=\"font-weight: 700;\">Moturus terrae reges ter petit tepore reges Valentiam excursibus in.</span></u></p><p>Et quoniam mirari posse quosdam peregrinos existimo haec lecturos forsitan, si contigerit, quamobrem cum oratio ad ea monstranda deflexerit quae Romae gererentur, nihil praeter seditiones narratur et tabernas et vilitates harum similis alias, summatim causas perstringam nusquam a veritate sponte propria digressurus.</p><p><br></p><p>Saraceni tamen nec amici nobis umquam nec hostes optandi, ultro citroque discursantes quicquid inveniri poterat momento temporis parvi vastabant milvorum rapacium similes, qui si praedam dispexerint celsius, volatu rapiunt celeri, aut nisi impetraverint, non inmorantur.</p>', '2018-03-15 14:29:16', NULL, 7, 3),
(57, 'Plaga Gabini solacio sane se expectet insignem exemplo una sit.', 'Pulchris excellit celebritateque Phoenice quibus nominum urbibus excellit Berytus monti regio gratiarum in adclinis hanc Sidon adclinis saeculis priscis gratiarum magnis Phoenice monti Sidon Damascus Phoenice in Tyros plena et.', '<p><u><span style=\"font-weight: 700;\">Moturus terrae reges ter petit tepore reges Valentiam excursibus in.</span></u></p><p>Haec igitur prima lex amicitiae sanciatur, ut ab amicis honesta petamus, amicorum causa honesta faciamus, ne exspectemus quidem, dum rogemur; studium semper adsit, cunctatio absit; consilium vero dare audeamus libere. Plurimum in amicitia amicorum bene suadentium valeat auctoritas, eaque et adhibeatur ad monendum non modo aperte sed etiam acriter, si res postulabit, et adhibitae pareatur.</p><p><u><span style=\"font-weight: 700;\">Moturus terrae reges ter petit tepore reges Valentiam excursibus in.</span></u></p><p>Et quia Mesopotamiae tractus omnes crebro inquietari sueti praetenturis et stationibus servabantur agrariis, laevorsum flexo itinere Osdroenae subsederat extimas partes, novum parumque aliquando temptatum commentum adgressus. quod si impetrasset, fulminis modo cuncta vastarat. erat autem quod cogitabat huius modi.</p><p><u><span style=\"font-weight: 700;\">Moturus terrae reges ter petit tepore reges Valentiam excursibus in.</span></u></p><p>Principium autem unde latius se funditabat, emersit ex negotio tali. Chilo ex vicario et coniux eius Maxima nomine, questi apud Olybrium ea tempestate urbi praefectum, vitamque suam venenis petitam adseverantes inpetrarunt ut hi, quos suspectati sunt, ilico rapti conpingerentur in vincula, organarius Sericus et Asbolius palaestrita et aruspex Campensis.</p><p><u><span style=\"font-weight: 700;\">Moturus terrae reges ter petit tepore reges Valentiam excursibus in.</span></u></p><p>Et quoniam mirari posse quosdam peregrinos existimo haec lecturos forsitan, si contigerit, quamobrem cum oratio ad ea monstranda deflexerit quae Romae gererentur, nihil praeter seditiones narratur et tabernas et vilitates harum similis alias, summatim causas perstringam nusquam a veritate sponte propria digressurus.</p><p><br></p><p>Saraceni tamen nec amici nobis umquam nec hostes optandi, ultro citroque discursantes quicquid inveniri poterat momento temporis parvi vastabant milvorum rapacium similes, qui si praedam dispexerint celsius, volatu rapiunt celeri, aut nisi impetraverint, non inmorantur.</p>', '2018-03-15 14:29:19', NULL, 7, 7),
(58, 'Plaga Gabini solacio sane se expectet insignem exemplo una sit.', 'Pulchris excellit celebritateque Phoenice quibus nominum urbibus excellit Berytus monti regio gratiarum in adclinis hanc Sidon adclinis saeculis priscis gratiarum magnis Phoenice monti Sidon Damascus Phoenice in Tyros plena et.', '<p><u><span style=\"font-weight: 700;\">Moturus terrae reges ter petit tepore reges Valentiam excursibus in.</span></u></p><p>Haec igitur prima lex amicitiae sanciatur, ut ab amicis honesta petamus, amicorum causa honesta faciamus, ne exspectemus quidem, dum rogemur; studium semper adsit, cunctatio absit; consilium vero dare audeamus libere. Plurimum in amicitia amicorum bene suadentium valeat auctoritas, eaque et adhibeatur ad monendum non modo aperte sed etiam acriter, si res postulabit, et adhibitae pareatur.</p><p><u><span style=\"font-weight: 700;\">Moturus terrae reges ter petit tepore reges Valentiam excursibus in.</span></u></p><p>Et quia Mesopotamiae tractus omnes crebro inquietari sueti praetenturis et stationibus servabantur agrariis, laevorsum flexo itinere Osdroenae subsederat extimas partes, novum parumque aliquando temptatum commentum adgressus. quod si impetrasset, fulminis modo cuncta vastarat. erat autem quod cogitabat huius modi.</p><p><u><span style=\"font-weight: 700;\">Moturus terrae reges ter petit tepore reges Valentiam excursibus in.</span></u></p><p>Principium autem unde latius se funditabat, emersit ex negotio tali. Chilo ex vicario et coniux eius Maxima nomine, questi apud Olybrium ea tempestate urbi praefectum, vitamque suam venenis petitam adseverantes inpetrarunt ut hi, quos suspectati sunt, ilico rapti conpingerentur in vincula, organarius Sericus et Asbolius palaestrita et aruspex Campensis.</p><p><u><span style=\"font-weight: 700;\">Moturus terrae reges ter petit tepore reges Valentiam excursibus in.</span></u></p><p>Et quoniam mirari posse quosdam peregrinos existimo haec lecturos forsitan, si contigerit, quamobrem cum oratio ad ea monstranda deflexerit quae Romae gererentur, nihil praeter seditiones narratur et tabernas et vilitates harum similis alias, summatim causas perstringam nusquam a veritate sponte propria digressurus.</p><p><br></p><p>Saraceni tamen nec amici nobis umquam nec hostes optandi, ultro citroque discursantes quicquid inveniri poterat momento temporis parvi vastabant milvorum rapacium similes, qui si praedam dispexerint celsius, volatu rapiunt celeri, aut nisi impetraverint, non inmorantur.</p>', '2018-03-15 14:29:22', NULL, 7, 3),
(59, 'Plaga Gabini solacio sane se expectet insignem exemplo una sit.', 'Pulchris excellit celebritateque Phoenice quibus nominum urbibus excellit Berytus monti regio gratiarum in adclinis hanc Sidon adclinis saeculis priscis gratiarum magnis Phoenice monti Sidon Damascus Phoenice in Tyros plena et.', '<p><u><span style=\"font-weight: 700;\">Moturus terrae reges ter petit tepore reges Valentiam excursibus in.</span></u></p><p>Haec igitur prima lex amicitiae sanciatur, ut ab amicis honesta petamus, amicorum causa honesta faciamus, ne exspectemus quidem, dum rogemur; studium semper adsit, cunctatio absit; consilium vero dare audeamus libere. Plurimum in amicitia amicorum bene suadentium valeat auctoritas, eaque et adhibeatur ad monendum non modo aperte sed etiam acriter, si res postulabit, et adhibitae pareatur.</p><p><u><span style=\"font-weight: 700;\">Moturus terrae reges ter petit tepore reges Valentiam excursibus in.</span></u></p><p>Et quia Mesopotamiae tractus omnes crebro inquietari sueti praetenturis et stationibus servabantur agrariis, laevorsum flexo itinere Osdroenae subsederat extimas partes, novum parumque aliquando temptatum commentum adgressus. quod si impetrasset, fulminis modo cuncta vastarat. erat autem quod cogitabat huius modi.</p><p><u><span style=\"font-weight: 700;\">Moturus terrae reges ter petit tepore reges Valentiam excursibus in.</span></u></p><p>Principium autem unde latius se funditabat, emersit ex negotio tali. Chilo ex vicario et coniux eius Maxima nomine, questi apud Olybrium ea tempestate urbi praefectum, vitamque suam venenis petitam adseverantes inpetrarunt ut hi, quos suspectati sunt, ilico rapti conpingerentur in vincula, organarius Sericus et Asbolius palaestrita et aruspex Campensis.</p><p><u><span style=\"font-weight: 700;\">Moturus terrae reges ter petit tepore reges Valentiam excursibus in.</span></u></p><p>Et quoniam mirari posse quosdam peregrinos existimo haec lecturos forsitan, si contigerit, quamobrem cum oratio ad ea monstranda deflexerit quae Romae gererentur, nihil praeter seditiones narratur et tabernas et vilitates harum similis alias, summatim causas perstringam nusquam a veritate sponte propria digressurus.</p><p><br></p><p>Saraceni tamen nec amici nobis umquam nec hostes optandi, ultro citroque discursantes quicquid inveniri poterat momento temporis parvi vastabant milvorum rapacium similes, qui si praedam dispexerint celsius, volatu rapiunt celeri, aut nisi impetraverint, non inmorantur.</p>', '2018-03-15 14:29:24', NULL, 7, 7),
(60, 'Plaga Gabini solacio sane se expectet insignem exemplo una sit.', 'Pulchris excellit celebritateque Phoenice quibus nominum urbibus excellit Berytus monti regio gratiarum in adclinis hanc Sidon adclinis saeculis priscis gratiarum magnis Phoenice monti Sidon Damascus Phoenice in Tyros plena et.', '<p><u><span style=\"font-weight: 700;\">Moturus terrae reges ter petit tepore reges Valentiam excursibus in.</span></u></p><p>Haec igitur prima lex amicitiae sanciatur, ut ab amicis honesta petamus, amicorum causa honesta faciamus, ne exspectemus quidem, dum rogemur; studium semper adsit, cunctatio absit; consilium vero dare audeamus libere. Plurimum in amicitia amicorum bene suadentium valeat auctoritas, eaque et adhibeatur ad monendum non modo aperte sed etiam acriter, si res postulabit, et adhibitae pareatur.</p><p><u><span style=\"font-weight: 700;\">Moturus terrae reges ter petit tepore reges Valentiam excursibus in.</span></u></p><p>Et quia Mesopotamiae tractus omnes crebro inquietari sueti praetenturis et stationibus servabantur agrariis, laevorsum flexo itinere Osdroenae subsederat extimas partes, novum parumque aliquando temptatum commentum adgressus. quod si impetrasset, fulminis modo cuncta vastarat. erat autem quod cogitabat huius modi.</p><p><u><span style=\"font-weight: 700;\">Moturus terrae reges ter petit tepore reges Valentiam excursibus in.</span></u></p><p>Principium autem unde latius se funditabat, emersit ex negotio tali. Chilo ex vicario et coniux eius Maxima nomine, questi apud Olybrium ea tempestate urbi praefectum, vitamque suam venenis petitam adseverantes inpetrarunt ut hi, quos suspectati sunt, ilico rapti conpingerentur in vincula, organarius Sericus et Asbolius palaestrita et aruspex Campensis.</p><p><u><span style=\"font-weight: 700;\">Moturus terrae reges ter petit tepore reges Valentiam excursibus in.</span></u></p><p>Et quoniam mirari posse quosdam peregrinos existimo haec lecturos forsitan, si contigerit, quamobrem cum oratio ad ea monstranda deflexerit quae Romae gererentur, nihil praeter seditiones narratur et tabernas et vilitates harum similis alias, summatim causas perstringam nusquam a veritate sponte propria digressurus.</p><p><br></p><p>Saraceni tamen nec amici nobis umquam nec hostes optandi, ultro citroque discursantes quicquid inveniri poterat momento temporis parvi vastabant milvorum rapacium similes, qui si praedam dispexerint celsius, volatu rapiunt celeri, aut nisi impetraverint, non inmorantur.</p>', '2018-03-15 14:29:27', NULL, 7, 3),
(61, 'Plaga Gabini solacio sane se expectet insignem exemplo una sit.', 'Pulchris excellit celebritateque Phoenice quibus nominum urbibus excellit Berytus monti regio gratiarum in adclinis hanc Sidon adclinis saeculis priscis gratiarum magnis Phoenice monti Sidon Damascus Phoenice in Tyros plena et.', '<p><u><span style=\"font-weight: 700;\">Moturus terrae reges ter petit tepore reges Valentiam excursibus in.</span></u></p><p>Haec igitur prima lex amicitiae sanciatur, ut ab amicis honesta petamus, amicorum causa honesta faciamus, ne exspectemus quidem, dum rogemur; studium semper adsit, cunctatio absit; consilium vero dare audeamus libere. Plurimum in amicitia amicorum bene suadentium valeat auctoritas, eaque et adhibeatur ad monendum non modo aperte sed etiam acriter, si res postulabit, et adhibitae pareatur.</p><p><u><span style=\"font-weight: 700;\">Moturus terrae reges ter petit tepore reges Valentiam excursibus in.</span></u></p><p>Et quia Mesopotamiae tractus omnes crebro inquietari sueti praetenturis et stationibus servabantur agrariis, laevorsum flexo itinere Osdroenae subsederat extimas partes, novum parumque aliquando temptatum commentum adgressus. quod si impetrasset, fulminis modo cuncta vastarat. erat autem quod cogitabat huius modi.</p><p><u><span style=\"font-weight: 700;\">Moturus terrae reges ter petit tepore reges Valentiam excursibus in.</span></u></p><p>Principium autem unde latius se funditabat, emersit ex negotio tali. Chilo ex vicario et coniux eius Maxima nomine, questi apud Olybrium ea tempestate urbi praefectum, vitamque suam venenis petitam adseverantes inpetrarunt ut hi, quos suspectati sunt, ilico rapti conpingerentur in vincula, organarius Sericus et Asbolius palaestrita et aruspex Campensis.</p><p><u><span style=\"font-weight: 700;\">Moturus terrae reges ter petit tepore reges Valentiam excursibus in.</span></u></p><p>Et quoniam mirari posse quosdam peregrinos existimo haec lecturos forsitan, si contigerit, quamobrem cum oratio ad ea monstranda deflexerit quae Romae gererentur, nihil praeter seditiones narratur et tabernas et vilitates harum similis alias, summatim causas perstringam nusquam a veritate sponte propria digressurus.</p><p><br></p><p>Saraceni tamen nec amici nobis umquam nec hostes optandi, ultro citroque discursantes quicquid inveniri poterat momento temporis parvi vastabant milvorum rapacium similes, qui si praedam dispexerint celsius, volatu rapiunt celeri, aut nisi impetraverint, non inmorantur.</p>', '2018-03-15 14:29:29', NULL, 7, 7),
(62, 'Plaga Gabini solacio sane se expectet insignem exemplo una sit.', 'Pulchris excellit celebritateque Phoenice quibus nominum urbibus excellit Berytus monti regio gratiarum in adclinis hanc Sidon adclinis saeculis priscis gratiarum magnis Phoenice monti Sidon Damascus Phoenice in Tyros plena et.', '<p><u><span style=\"font-weight: 700;\">Moturus terrae reges ter petit tepore reges Valentiam excursibus in.</span></u></p><p>Haec igitur prima lex amicitiae sanciatur, ut ab amicis honesta petamus, amicorum causa honesta faciamus, ne exspectemus quidem, dum rogemur; studium semper adsit, cunctatio absit; consilium vero dare audeamus libere. Plurimum in amicitia amicorum bene suadentium valeat auctoritas, eaque et adhibeatur ad monendum non modo aperte sed etiam acriter, si res postulabit, et adhibitae pareatur.</p><p><u><span style=\"font-weight: 700;\">Moturus terrae reges ter petit tepore reges Valentiam excursibus in.</span></u></p><p>Et quia Mesopotamiae tractus omnes crebro inquietari sueti praetenturis et stationibus servabantur agrariis, laevorsum flexo itinere Osdroenae subsederat extimas partes, novum parumque aliquando temptatum commentum adgressus. quod si impetrasset, fulminis modo cuncta vastarat. erat autem quod cogitabat huius modi.</p><p><u><span style=\"font-weight: 700;\">Moturus terrae reges ter petit tepore reges Valentiam excursibus in.</span></u></p><p>Principium autem unde latius se funditabat, emersit ex negotio tali. Chilo ex vicario et coniux eius Maxima nomine, questi apud Olybrium ea tempestate urbi praefectum, vitamque suam venenis petitam adseverantes inpetrarunt ut hi, quos suspectati sunt, ilico rapti conpingerentur in vincula, organarius Sericus et Asbolius palaestrita et aruspex Campensis.</p><p><u><span style=\"font-weight: 700;\">Moturus terrae reges ter petit tepore reges Valentiam excursibus in.</span></u></p><p>Et quoniam mirari posse quosdam peregrinos existimo haec lecturos forsitan, si contigerit, quamobrem cum oratio ad ea monstranda deflexerit quae Romae gererentur, nihil praeter seditiones narratur et tabernas et vilitates harum similis alias, summatim causas perstringam nusquam a veritate sponte propria digressurus.</p><p><br></p><p>Saraceni tamen nec amici nobis umquam nec hostes optandi, ultro citroque discursantes quicquid inveniri poterat momento temporis parvi vastabant milvorum rapacium similes, qui si praedam dispexerint celsius, volatu rapiunt celeri, aut nisi impetraverint, non inmorantur.</p>', '2018-03-15 14:29:32', NULL, 7, 3),
(63, 'Plaga Gabini solacio sane se expectet insignem exemplo una sit.', 'Pulchris excellit celebritateque Phoenice quibus nominum urbibus excellit Berytus monti regio gratiarum in adclinis hanc Sidon adclinis saeculis priscis gratiarum magnis Phoenice monti Sidon Damascus Phoenice in Tyros plena et.', '<p><u><span style=\"font-weight: 700;\">Moturus terrae reges ter petit tepore reges Valentiam excursibus in.</span></u></p><p>Haec igitur prima lex amicitiae sanciatur, ut ab amicis honesta petamus, amicorum causa honesta faciamus, ne exspectemus quidem, dum rogemur; studium semper adsit, cunctatio absit; consilium vero dare audeamus libere. Plurimum in amicitia amicorum bene suadentium valeat auctoritas, eaque et adhibeatur ad monendum non modo aperte sed etiam acriter, si res postulabit, et adhibitae pareatur.</p><p><u><span style=\"font-weight: 700;\">Moturus terrae reges ter petit tepore reges Valentiam excursibus in.</span></u></p><p>Et quia Mesopotamiae tractus omnes crebro inquietari sueti praetenturis et stationibus servabantur agrariis, laevorsum flexo itinere Osdroenae subsederat extimas partes, novum parumque aliquando temptatum commentum adgressus. quod si impetrasset, fulminis modo cuncta vastarat. erat autem quod cogitabat huius modi.</p><p><u><span style=\"font-weight: 700;\">Moturus terrae reges ter petit tepore reges Valentiam excursibus in.</span></u></p><p>Principium autem unde latius se funditabat, emersit ex negotio tali. Chilo ex vicario et coniux eius Maxima nomine, questi apud Olybrium ea tempestate urbi praefectum, vitamque suam venenis petitam adseverantes inpetrarunt ut hi, quos suspectati sunt, ilico rapti conpingerentur in vincula, organarius Sericus et Asbolius palaestrita et aruspex Campensis.</p><p><u><span style=\"font-weight: 700;\">Moturus terrae reges ter petit tepore reges Valentiam excursibus in.</span></u></p><p>Et quoniam mirari posse quosdam peregrinos existimo haec lecturos forsitan, si contigerit, quamobrem cum oratio ad ea monstranda deflexerit quae Romae gererentur, nihil praeter seditiones narratur et tabernas et vilitates harum similis alias, summatim causas perstringam nusquam a veritate sponte propria digressurus.</p><p><br></p><p>Saraceni tamen nec amici nobis umquam nec hostes optandi, ultro citroque discursantes quicquid inveniri poterat momento temporis parvi vastabant milvorum rapacium similes, qui si praedam dispexerint celsius, volatu rapiunt celeri, aut nisi impetraverint, non inmorantur.</p>', '2018-03-15 14:29:34', NULL, 7, 7),
(64, 'Plaga Gabini solacio sane se expectet insignem exemplo una sit.', 'Pulchris excellit celebritateque Phoenice quibus nominum urbibus excellit Berytus monti regio gratiarum in adclinis hanc Sidon adclinis saeculis priscis gratiarum magnis Phoenice monti Sidon Damascus Phoenice in Tyros plena et.', '<p><u><span style=\"font-weight: 700;\">Moturus terrae reges ter petit tepore reges Valentiam excursibus in.</span></u></p><p>Haec igitur prima lex amicitiae sanciatur, ut ab amicis honesta petamus, amicorum causa honesta faciamus, ne exspectemus quidem, dum rogemur; studium semper adsit, cunctatio absit; consilium vero dare audeamus libere. Plurimum in amicitia amicorum bene suadentium valeat auctoritas, eaque et adhibeatur ad monendum non modo aperte sed etiam acriter, si res postulabit, et adhibitae pareatur.</p><p><u><span style=\"font-weight: 700;\">Moturus terrae reges ter petit tepore reges Valentiam excursibus in.</span></u></p><p>Et quia Mesopotamiae tractus omnes crebro inquietari sueti praetenturis et stationibus servabantur agrariis, laevorsum flexo itinere Osdroenae subsederat extimas partes, novum parumque aliquando temptatum commentum adgressus. quod si impetrasset, fulminis modo cuncta vastarat. erat autem quod cogitabat huius modi.</p><p><u><span style=\"font-weight: 700;\">Moturus terrae reges ter petit tepore reges Valentiam excursibus in.</span></u></p><p>Principium autem unde latius se funditabat, emersit ex negotio tali. Chilo ex vicario et coniux eius Maxima nomine, questi apud Olybrium ea tempestate urbi praefectum, vitamque suam venenis petitam adseverantes inpetrarunt ut hi, quos suspectati sunt, ilico rapti conpingerentur in vincula, organarius Sericus et Asbolius palaestrita et aruspex Campensis.</p><p><u><span style=\"font-weight: 700;\">Moturus terrae reges ter petit tepore reges Valentiam excursibus in.</span></u></p><p>Et quoniam mirari posse quosdam peregrinos existimo haec lecturos forsitan, si contigerit, quamobrem cum oratio ad ea monstranda deflexerit quae Romae gererentur, nihil praeter seditiones narratur et tabernas et vilitates harum similis alias, summatim causas perstringam nusquam a veritate sponte propria digressurus.</p><p><br></p><p>Saraceni tamen nec amici nobis umquam nec hostes optandi, ultro citroque discursantes quicquid inveniri poterat momento temporis parvi vastabant milvorum rapacium similes, qui si praedam dispexerint celsius, volatu rapiunt celeri, aut nisi impetraverint, non inmorantur.</p>', '2018-03-15 14:29:37', NULL, 7, 3),
(65, 'Plaga Gabini solacio sane se expectet insignem exemplo una sit.', 'Pulchris excellit celebritateque Phoenice quibus nominum urbibus excellit Berytus monti regio gratiarum in adclinis hanc Sidon adclinis saeculis priscis gratiarum magnis Phoenice monti Sidon Damascus Phoenice in Tyros plena et.', '<p><u><span style=\"font-weight: 700;\">Moturus terrae reges ter petit tepore reges Valentiam excursibus in.</span></u></p><p>Haec igitur prima lex amicitiae sanciatur, ut ab amicis honesta petamus, amicorum causa honesta faciamus, ne exspectemus quidem, dum rogemur; studium semper adsit, cunctatio absit; consilium vero dare audeamus libere. Plurimum in amicitia amicorum bene suadentium valeat auctoritas, eaque et adhibeatur ad monendum non modo aperte sed etiam acriter, si res postulabit, et adhibitae pareatur.</p><p><u><span style=\"font-weight: 700;\">Moturus terrae reges ter petit tepore reges Valentiam excursibus in.</span></u></p><p>Et quia Mesopotamiae tractus omnes crebro inquietari sueti praetenturis et stationibus servabantur agrariis, laevorsum flexo itinere Osdroenae subsederat extimas partes, novum parumque aliquando temptatum commentum adgressus. quod si impetrasset, fulminis modo cuncta vastarat. erat autem quod cogitabat huius modi.</p><p><u><span style=\"font-weight: 700;\">Moturus terrae reges ter petit tepore reges Valentiam excursibus in.</span></u></p><p>Principium autem unde latius se funditabat, emersit ex negotio tali. Chilo ex vicario et coniux eius Maxima nomine, questi apud Olybrium ea tempestate urbi praefectum, vitamque suam venenis petitam adseverantes inpetrarunt ut hi, quos suspectati sunt, ilico rapti conpingerentur in vincula, organarius Sericus et Asbolius palaestrita et aruspex Campensis.</p><p><u><span style=\"font-weight: 700;\">Moturus terrae reges ter petit tepore reges Valentiam excursibus in.</span></u></p><p>Et quoniam mirari posse quosdam peregrinos existimo haec lecturos forsitan, si contigerit, quamobrem cum oratio ad ea monstranda deflexerit quae Romae gererentur, nihil praeter seditiones narratur et tabernas et vilitates harum similis alias, summatim causas perstringam nusquam a veritate sponte propria digressurus.</p><p><br></p><p>Saraceni tamen nec amici nobis umquam nec hostes optandi, ultro citroque discursantes quicquid inveniri poterat momento temporis parvi vastabant milvorum rapacium similes, qui si praedam dispexerint celsius, volatu rapiunt celeri, aut nisi impetraverint, non inmorantur.</p>', '2018-03-15 14:30:12', NULL, 7, 3),
(66, 'Plaga Gabini solacio sane se expectet insignem exemplo una sit.', 'Pulchris excellit celebritateque Phoenice quibus nominum urbibus excellit Berytus monti regio gratiarum in adclinis hanc Sidon adclinis saeculis priscis gratiarum magnis Phoenice monti Sidon Damascus Phoenice in Tyros plena et.', '<p><u><span style=\"font-weight: 700;\">Moturus terrae reges ter petit tepore reges Valentiam excursibus in.</span></u></p><p>Haec igitur prima lex amicitiae sanciatur, ut ab amicis honesta petamus, amicorum causa honesta faciamus, ne exspectemus quidem, dum rogemur; studium semper adsit, cunctatio absit; consilium vero dare audeamus libere. Plurimum in amicitia amicorum bene suadentium valeat auctoritas, eaque et adhibeatur ad monendum non modo aperte sed etiam acriter, si res postulabit, et adhibitae pareatur.</p><p><u><span style=\"font-weight: 700;\">Moturus terrae reges ter petit tepore reges Valentiam excursibus in.</span></u></p><p>Et quia Mesopotamiae tractus omnes crebro inquietari sueti praetenturis et stationibus servabantur agrariis, laevorsum flexo itinere Osdroenae subsederat extimas partes, novum parumque aliquando temptatum commentum adgressus. quod si impetrasset, fulminis modo cuncta vastarat. erat autem quod cogitabat huius modi.</p><p><u><span style=\"font-weight: 700;\">Moturus terrae reges ter petit tepore reges Valentiam excursibus in.</span></u></p><p>Principium autem unde latius se funditabat, emersit ex negotio tali. Chilo ex vicario et coniux eius Maxima nomine, questi apud Olybrium ea tempestate urbi praefectum, vitamque suam venenis petitam adseverantes inpetrarunt ut hi, quos suspectati sunt, ilico rapti conpingerentur in vincula, organarius Sericus et Asbolius palaestrita et aruspex Campensis.</p><p><u><span style=\"font-weight: 700;\">Moturus terrae reges ter petit tepore reges Valentiam excursibus in.</span></u></p><p>Et quoniam mirari posse quosdam peregrinos existimo haec lecturos forsitan, si contigerit, quamobrem cum oratio ad ea monstranda deflexerit quae Romae gererentur, nihil praeter seditiones narratur et tabernas et vilitates harum similis alias, summatim causas perstringam nusquam a veritate sponte propria digressurus.</p><p><br></p><p>Saraceni tamen nec amici nobis umquam nec hostes optandi, ultro citroque discursantes quicquid inveniri poterat momento temporis parvi vastabant milvorum rapacium similes, qui si praedam dispexerint celsius, volatu rapiunt celeri, aut nisi impetraverint, non inmorantur.</p>', '2018-03-15 14:30:14', NULL, 7, 7),
(67, 'Plaga Gabini solacio sane se expectet insignem exemplo una sit.', 'Pulchris excellit celebritateque Phoenice quibus nominum urbibus excellit Berytus monti regio gratiarum in adclinis hanc Sidon adclinis saeculis priscis gratiarum magnis Phoenice monti Sidon Damascus Phoenice in Tyros plena et.', '<p><u><span style=\"font-weight: 700;\">Moturus terrae reges ter petit tepore reges Valentiam excursibus in.</span></u></p><p>Haec igitur prima lex amicitiae sanciatur, ut ab amicis honesta petamus, amicorum causa honesta faciamus, ne exspectemus quidem, dum rogemur; studium semper adsit, cunctatio absit; consilium vero dare audeamus libere. Plurimum in amicitia amicorum bene suadentium valeat auctoritas, eaque et adhibeatur ad monendum non modo aperte sed etiam acriter, si res postulabit, et adhibitae pareatur.</p><p><u><span style=\"font-weight: 700;\">Moturus terrae reges ter petit tepore reges Valentiam excursibus in.</span></u></p><p>Et quia Mesopotamiae tractus omnes crebro inquietari sueti praetenturis et stationibus servabantur agrariis, laevorsum flexo itinere Osdroenae subsederat extimas partes, novum parumque aliquando temptatum commentum adgressus. quod si impetrasset, fulminis modo cuncta vastarat. erat autem quod cogitabat huius modi.</p><p><u><span style=\"font-weight: 700;\">Moturus terrae reges ter petit tepore reges Valentiam excursibus in.</span></u></p><p>Principium autem unde latius se funditabat, emersit ex negotio tali. Chilo ex vicario et coniux eius Maxima nomine, questi apud Olybrium ea tempestate urbi praefectum, vitamque suam venenis petitam adseverantes inpetrarunt ut hi, quos suspectati sunt, ilico rapti conpingerentur in vincula, organarius Sericus et Asbolius palaestrita et aruspex Campensis.</p><p><u><span style=\"font-weight: 700;\">Moturus terrae reges ter petit tepore reges Valentiam excursibus in.</span></u></p><p>Et quoniam mirari posse quosdam peregrinos existimo haec lecturos forsitan, si contigerit, quamobrem cum oratio ad ea monstranda deflexerit quae Romae gererentur, nihil praeter seditiones narratur et tabernas et vilitates harum similis alias, summatim causas perstringam nusquam a veritate sponte propria digressurus.</p><p><br></p><p>Saraceni tamen nec amici nobis umquam nec hostes optandi, ultro citroque discursantes quicquid inveniri poterat momento temporis parvi vastabant milvorum rapacium similes, qui si praedam dispexerint celsius, volatu rapiunt celeri, aut nisi impetraverint, non inmorantur.</p>', '2018-03-15 14:30:17', NULL, 7, 3),
(68, 'Plaga Gabini solacio sane se expectet insignem exemplo una sit.', 'Pulchris excellit celebritateque Phoenice quibus nominum urbibus excellit Berytus monti regio gratiarum in adclinis hanc Sidon adclinis saeculis priscis gratiarum magnis Phoenice monti Sidon Damascus Phoenice in Tyros plena et.', '<p><u><span style=\"font-weight: 700;\">Moturus terrae reges ter petit tepore reges Valentiam excursibus in.</span></u></p><p>Haec igitur prima lex amicitiae sanciatur, ut ab amicis honesta petamus, amicorum causa honesta faciamus, ne exspectemus quidem, dum rogemur; studium semper adsit, cunctatio absit; consilium vero dare audeamus libere. Plurimum in amicitia amicorum bene suadentium valeat auctoritas, eaque et adhibeatur ad monendum non modo aperte sed etiam acriter, si res postulabit, et adhibitae pareatur.</p><p><u><span style=\"font-weight: 700;\">Moturus terrae reges ter petit tepore reges Valentiam excursibus in.</span></u></p><p>Et quia Mesopotamiae tractus omnes crebro inquietari sueti praetenturis et stationibus servabantur agrariis, laevorsum flexo itinere Osdroenae subsederat extimas partes, novum parumque aliquando temptatum commentum adgressus. quod si impetrasset, fulminis modo cuncta vastarat. erat autem quod cogitabat huius modi.</p><p><u><span style=\"font-weight: 700;\">Moturus terrae reges ter petit tepore reges Valentiam excursibus in.</span></u></p><p>Principium autem unde latius se funditabat, emersit ex negotio tali. Chilo ex vicario et coniux eius Maxima nomine, questi apud Olybrium ea tempestate urbi praefectum, vitamque suam venenis petitam adseverantes inpetrarunt ut hi, quos suspectati sunt, ilico rapti conpingerentur in vincula, organarius Sericus et Asbolius palaestrita et aruspex Campensis.</p><p><u><span style=\"font-weight: 700;\">Moturus terrae reges ter petit tepore reges Valentiam excursibus in.</span></u></p><p>Et quoniam mirari posse quosdam peregrinos existimo haec lecturos forsitan, si contigerit, quamobrem cum oratio ad ea monstranda deflexerit quae Romae gererentur, nihil praeter seditiones narratur et tabernas et vilitates harum similis alias, summatim causas perstringam nusquam a veritate sponte propria digressurus.</p><p><br></p><p>Saraceni tamen nec amici nobis umquam nec hostes optandi, ultro citroque discursantes quicquid inveniri poterat momento temporis parvi vastabant milvorum rapacium similes, qui si praedam dispexerint celsius, volatu rapiunt celeri, aut nisi impetraverint, non inmorantur.</p>', '2018-03-15 14:30:19', NULL, 7, 7);
INSERT INTO `article` (`id`, `title`, `header_text`, `content`, `creation_date`, `edit_date`, `id_user`, `id_category`) VALUES
(69, 'Plaga Gabini solacio sane se expectet insignem exemplo una sit.', 'Pulchris excellit celebritateque Phoenice quibus nominum urbibus excellit Berytus monti regio gratiarum in adclinis hanc Sidon adclinis saeculis priscis gratiarum magnis Phoenice monti Sidon Damascus Phoenice in Tyros plena et.', '<p><u><span style=\"font-weight: 700;\">Moturus terrae reges ter petit tepore reges Valentiam excursibus in.</span></u></p><p>Haec igitur prima lex amicitiae sanciatur, ut ab amicis honesta petamus, amicorum causa honesta faciamus, ne exspectemus quidem, dum rogemur; studium semper adsit, cunctatio absit; consilium vero dare audeamus libere. Plurimum in amicitia amicorum bene suadentium valeat auctoritas, eaque et adhibeatur ad monendum non modo aperte sed etiam acriter, si res postulabit, et adhibitae pareatur.</p><p><u><span style=\"font-weight: 700;\">Moturus terrae reges ter petit tepore reges Valentiam excursibus in.</span></u></p><p>Et quia Mesopotamiae tractus omnes crebro inquietari sueti praetenturis et stationibus servabantur agrariis, laevorsum flexo itinere Osdroenae subsederat extimas partes, novum parumque aliquando temptatum commentum adgressus. quod si impetrasset, fulminis modo cuncta vastarat. erat autem quod cogitabat huius modi.</p><p><u><span style=\"font-weight: 700;\">Moturus terrae reges ter petit tepore reges Valentiam excursibus in.</span></u></p><p>Principium autem unde latius se funditabat, emersit ex negotio tali. Chilo ex vicario et coniux eius Maxima nomine, questi apud Olybrium ea tempestate urbi praefectum, vitamque suam venenis petitam adseverantes inpetrarunt ut hi, quos suspectati sunt, ilico rapti conpingerentur in vincula, organarius Sericus et Asbolius palaestrita et aruspex Campensis.</p><p><u><span style=\"font-weight: 700;\">Moturus terrae reges ter petit tepore reges Valentiam excursibus in.</span></u></p><p>Et quoniam mirari posse quosdam peregrinos existimo haec lecturos forsitan, si contigerit, quamobrem cum oratio ad ea monstranda deflexerit quae Romae gererentur, nihil praeter seditiones narratur et tabernas et vilitates harum similis alias, summatim causas perstringam nusquam a veritate sponte propria digressurus.</p><p><br></p><p>Saraceni tamen nec amici nobis umquam nec hostes optandi, ultro citroque discursantes quicquid inveniri poterat momento temporis parvi vastabant milvorum rapacium similes, qui si praedam dispexerint celsius, volatu rapiunt celeri, aut nisi impetraverint, non inmorantur.</p>', '2018-03-15 14:30:22', NULL, 7, 3),
(70, 'Plaga Gabini solacio sane se expectet insignem exemplo una sit.', 'Pulchris excellit celebritateque Phoenice quibus nominum urbibus excellit Berytus monti regio gratiarum in adclinis hanc Sidon adclinis saeculis priscis gratiarum magnis Phoenice monti Sidon Damascus Phoenice in Tyros plena et.', '<p><u><span style=\"font-weight: 700;\">Moturus terrae reges ter petit tepore reges Valentiam excursibus in.</span></u></p><p>Haec igitur prima lex amicitiae sanciatur, ut ab amicis honesta petamus, amicorum causa honesta faciamus, ne exspectemus quidem, dum rogemur; studium semper adsit, cunctatio absit; consilium vero dare audeamus libere. Plurimum in amicitia amicorum bene suadentium valeat auctoritas, eaque et adhibeatur ad monendum non modo aperte sed etiam acriter, si res postulabit, et adhibitae pareatur.</p><p><u><span style=\"font-weight: 700;\">Moturus terrae reges ter petit tepore reges Valentiam excursibus in.</span></u></p><p>Et quia Mesopotamiae tractus omnes crebro inquietari sueti praetenturis et stationibus servabantur agrariis, laevorsum flexo itinere Osdroenae subsederat extimas partes, novum parumque aliquando temptatum commentum adgressus. quod si impetrasset, fulminis modo cuncta vastarat. erat autem quod cogitabat huius modi.</p><p><u><span style=\"font-weight: 700;\">Moturus terrae reges ter petit tepore reges Valentiam excursibus in.</span></u></p><p>Principium autem unde latius se funditabat, emersit ex negotio tali. Chilo ex vicario et coniux eius Maxima nomine, questi apud Olybrium ea tempestate urbi praefectum, vitamque suam venenis petitam adseverantes inpetrarunt ut hi, quos suspectati sunt, ilico rapti conpingerentur in vincula, organarius Sericus et Asbolius palaestrita et aruspex Campensis.</p><p><u><span style=\"font-weight: 700;\">Moturus terrae reges ter petit tepore reges Valentiam excursibus in.</span></u></p><p>Et quoniam mirari posse quosdam peregrinos existimo haec lecturos forsitan, si contigerit, quamobrem cum oratio ad ea monstranda deflexerit quae Romae gererentur, nihil praeter seditiones narratur et tabernas et vilitates harum similis alias, summatim causas perstringam nusquam a veritate sponte propria digressurus.</p><p><br></p><p>Saraceni tamen nec amici nobis umquam nec hostes optandi, ultro citroque discursantes quicquid inveniri poterat momento temporis parvi vastabant milvorum rapacium similes, qui si praedam dispexerint celsius, volatu rapiunt celeri, aut nisi impetraverint, non inmorantur.</p>', '2018-03-15 14:30:25', NULL, 7, 7),
(71, 'Plaga Gabini solacio sane se expectet insignem exemplo una sit.', 'Pulchris excellit celebritateque Phoenice quibus nominum urbibus excellit Berytus monti regio gratiarum in adclinis hanc Sidon adclinis saeculis priscis gratiarum magnis Phoenice monti Sidon Damascus Phoenice in Tyros plena et.', '<p><u><span style=\"font-weight: 700;\">Moturus terrae reges ter petit tepore reges Valentiam excursibus in.</span></u></p><p>Haec igitur prima lex amicitiae sanciatur, ut ab amicis honesta petamus, amicorum causa honesta faciamus, ne exspectemus quidem, dum rogemur; studium semper adsit, cunctatio absit; consilium vero dare audeamus libere. Plurimum in amicitia amicorum bene suadentium valeat auctoritas, eaque et adhibeatur ad monendum non modo aperte sed etiam acriter, si res postulabit, et adhibitae pareatur.</p><p><u><span style=\"font-weight: 700;\">Moturus terrae reges ter petit tepore reges Valentiam excursibus in.</span></u></p><p>Et quia Mesopotamiae tractus omnes crebro inquietari sueti praetenturis et stationibus servabantur agrariis, laevorsum flexo itinere Osdroenae subsederat extimas partes, novum parumque aliquando temptatum commentum adgressus. quod si impetrasset, fulminis modo cuncta vastarat. erat autem quod cogitabat huius modi.</p><p><u><span style=\"font-weight: 700;\">Moturus terrae reges ter petit tepore reges Valentiam excursibus in.</span></u></p><p>Principium autem unde latius se funditabat, emersit ex negotio tali. Chilo ex vicario et coniux eius Maxima nomine, questi apud Olybrium ea tempestate urbi praefectum, vitamque suam venenis petitam adseverantes inpetrarunt ut hi, quos suspectati sunt, ilico rapti conpingerentur in vincula, organarius Sericus et Asbolius palaestrita et aruspex Campensis.</p><p><u><span style=\"font-weight: 700;\">Moturus terrae reges ter petit tepore reges Valentiam excursibus in.</span></u></p><p>Et quoniam mirari posse quosdam peregrinos existimo haec lecturos forsitan, si contigerit, quamobrem cum oratio ad ea monstranda deflexerit quae Romae gererentur, nihil praeter seditiones narratur et tabernas et vilitates harum similis alias, summatim causas perstringam nusquam a veritate sponte propria digressurus.</p><p><br></p><p>Saraceni tamen nec amici nobis umquam nec hostes optandi, ultro citroque discursantes quicquid inveniri poterat momento temporis parvi vastabant milvorum rapacium similes, qui si praedam dispexerint celsius, volatu rapiunt celeri, aut nisi impetraverint, non inmorantur.</p>', '2018-03-15 14:30:30', NULL, 7, 3),
(72, 'Plaga Gabini solacio sane se expectet insignem exemplo una sit.', 'Pulchris excellit celebritateque Phoenice quibus nominum urbibus excellit Berytus monti regio gratiarum in adclinis hanc Sidon adclinis saeculis priscis gratiarum magnis Phoenice monti Sidon Damascus Phoenice in Tyros plena et.', '<p><u><span style=\"font-weight: 700;\">Moturus terrae reges ter petit tepore reges Valentiam excursibus in.</span></u></p><p>Haec igitur prima lex amicitiae sanciatur, ut ab amicis honesta petamus, amicorum causa honesta faciamus, ne exspectemus quidem, dum rogemur; studium semper adsit, cunctatio absit; consilium vero dare audeamus libere. Plurimum in amicitia amicorum bene suadentium valeat auctoritas, eaque et adhibeatur ad monendum non modo aperte sed etiam acriter, si res postulabit, et adhibitae pareatur.</p><p><u><span style=\"font-weight: 700;\">Moturus terrae reges ter petit tepore reges Valentiam excursibus in.</span></u></p><p>Et quia Mesopotamiae tractus omnes crebro inquietari sueti praetenturis et stationibus servabantur agrariis, laevorsum flexo itinere Osdroenae subsederat extimas partes, novum parumque aliquando temptatum commentum adgressus. quod si impetrasset, fulminis modo cuncta vastarat. erat autem quod cogitabat huius modi.</p><p><u><span style=\"font-weight: 700;\">Moturus terrae reges ter petit tepore reges Valentiam excursibus in.</span></u></p><p>Principium autem unde latius se funditabat, emersit ex negotio tali. Chilo ex vicario et coniux eius Maxima nomine, questi apud Olybrium ea tempestate urbi praefectum, vitamque suam venenis petitam adseverantes inpetrarunt ut hi, quos suspectati sunt, ilico rapti conpingerentur in vincula, organarius Sericus et Asbolius palaestrita et aruspex Campensis.</p><p><u><span style=\"font-weight: 700;\">Moturus terrae reges ter petit tepore reges Valentiam excursibus in.</span></u></p><p>Et quoniam mirari posse quosdam peregrinos existimo haec lecturos forsitan, si contigerit, quamobrem cum oratio ad ea monstranda deflexerit quae Romae gererentur, nihil praeter seditiones narratur et tabernas et vilitates harum similis alias, summatim causas perstringam nusquam a veritate sponte propria digressurus.</p><p><br></p><p>Saraceni tamen nec amici nobis umquam nec hostes optandi, ultro citroque discursantes quicquid inveniri poterat momento temporis parvi vastabant milvorum rapacium similes, qui si praedam dispexerint celsius, volatu rapiunt celeri, aut nisi impetraverint, non inmorantur.</p>', '2018-03-15 14:30:32', NULL, 7, 7),
(73, 'Plaga Gabini solacio sane se expectet insignem exemplo una sit.', 'Pulchris excellit celebritateque Phoenice quibus nominum urbibus excellit Berytus monti regio gratiarum in adclinis hanc Sidon adclinis saeculis priscis gratiarum magnis Phoenice monti Sidon Damascus Phoenice in Tyros plena et.', '<p><u><span style=\"font-weight: 700;\">Moturus terrae reges ter petit tepore reges Valentiam excursibus in.</span></u></p><p>Haec igitur prima lex amicitiae sanciatur, ut ab amicis honesta petamus, amicorum causa honesta faciamus, ne exspectemus quidem, dum rogemur; studium semper adsit, cunctatio absit; consilium vero dare audeamus libere. Plurimum in amicitia amicorum bene suadentium valeat auctoritas, eaque et adhibeatur ad monendum non modo aperte sed etiam acriter, si res postulabit, et adhibitae pareatur.</p><p><u><span style=\"font-weight: 700;\">Moturus terrae reges ter petit tepore reges Valentiam excursibus in.</span></u></p><p>Et quia Mesopotamiae tractus omnes crebro inquietari sueti praetenturis et stationibus servabantur agrariis, laevorsum flexo itinere Osdroenae subsederat extimas partes, novum parumque aliquando temptatum commentum adgressus. quod si impetrasset, fulminis modo cuncta vastarat. erat autem quod cogitabat huius modi.</p><p><u><span style=\"font-weight: 700;\">Moturus terrae reges ter petit tepore reges Valentiam excursibus in.</span></u></p><p>Principium autem unde latius se funditabat, emersit ex negotio tali. Chilo ex vicario et coniux eius Maxima nomine, questi apud Olybrium ea tempestate urbi praefectum, vitamque suam venenis petitam adseverantes inpetrarunt ut hi, quos suspectati sunt, ilico rapti conpingerentur in vincula, organarius Sericus et Asbolius palaestrita et aruspex Campensis.</p><p><u><span style=\"font-weight: 700;\">Moturus terrae reges ter petit tepore reges Valentiam excursibus in.</span></u></p><p>Et quoniam mirari posse quosdam peregrinos existimo haec lecturos forsitan, si contigerit, quamobrem cum oratio ad ea monstranda deflexerit quae Romae gererentur, nihil praeter seditiones narratur et tabernas et vilitates harum similis alias, summatim causas perstringam nusquam a veritate sponte propria digressurus.</p><p><br></p><p>Saraceni tamen nec amici nobis umquam nec hostes optandi, ultro citroque discursantes quicquid inveniri poterat momento temporis parvi vastabant milvorum rapacium similes, qui si praedam dispexerint celsius, volatu rapiunt celeri, aut nisi impetraverint, non inmorantur.</p>', '2018-03-15 14:30:34', NULL, 7, 3),
(74, 'Article avec des commentaires !', 'Pulchris excellit celebritateque Phoenice quibus nominum urbibus excellit Berytus monti regio gratiarum in adclinis hanc Sidon adclinis saeculis priscis gratiarum magnis Phoenice monti Sidon Damascus Phoenice in Tyros plena et.', '<p><u><span style=\"font-weight: 700;\">Moturus terrae reges ter petit tepore reges Valentiam excursibus in.</span></u></p><p>Haec igitur prima lex amicitiae sanciatur, ut ab amicis honesta petamus, amicorum causa honesta faciamus, ne exspectemus quidem, dum rogemur; studium semper adsit, cunctatio absit; consilium vero dare audeamus libere. Plurimum in amicitia amicorum bene suadentium valeat auctoritas, eaque et adhibeatur ad monendum non modo aperte sed etiam acriter, si res postulabit, et adhibitae pareatur.</p><p><u><span style=\"font-weight: 700;\">Moturus terrae reges ter petit tepore reges Valentiam excursibus in.</span></u></p><p>Et quia Mesopotamiae tractus omnes crebro inquietari sueti praetenturis et stationibus servabantur agrariis, laevorsum flexo itinere Osdroenae subsederat extimas partes, novum parumque aliquando temptatum commentum adgressus. quod si impetrasset, fulminis modo cuncta vastarat. erat autem quod cogitabat huius modi.</p><p><u><span style=\"font-weight: 700;\">Moturus terrae reges ter petit tepore reges Valentiam excursibus in.</span></u></p><p>Principium autem unde latius se funditabat, emersit ex negotio tali. Chilo ex vicario et coniux eius Maxima nomine, questi apud Olybrium ea tempestate urbi praefectum, vitamque suam venenis petitam adseverantes inpetrarunt ut hi, quos suspectati sunt, ilico rapti conpingerentur in vincula, organarius Sericus et Asbolius palaestrita et aruspex Campensis.</p><p><u><span style=\"font-weight: 700;\">Moturus terrae reges ter petit tepore reges Valentiam excursibus in.</span></u></p><p>Et quoniam mirari posse quosdam peregrinos existimo haec lecturos forsitan, si contigerit, quamobrem cum oratio ad ea monstranda deflexerit quae Romae gererentur, nihil praeter seditiones narratur et tabernas et vilitates harum similis alias, summatim causas perstringam nusquam a veritate sponte propria digressurus.</p><p><br></p><p>Saraceni tamen nec amici nobis umquam nec hostes optandi, ultro citroque discursantes quicquid inveniri poterat momento temporis parvi vastabant milvorum rapacium similes, qui si praedam dispexerint celsius, volatu rapiunt celeri, aut nisi impetraverint, non inmorantur.</p>', '2018-03-15 14:30:36', '2018-03-15 14:46:55', 7, 7);

-- --------------------------------------------------------

--
-- Structure de la table `category`
--

DROP TABLE IF EXISTS `category`;
CREATE TABLE IF NOT EXISTS `category` (
  `id` int(11) NOT NULL AUTO_INCREMENT,
  `name` varchar(96) NOT NULL,
  PRIMARY KEY (`id`)
) ENGINE=MyISAM AUTO_INCREMENT=17 DEFAULT CHARSET=utf8;

--
-- Déchargement des données de la table `category`
--

INSERT INTO `category` (`id`, `name`) VALUES
(7, 'Actualité'),
(3, 'Développement');

-- --------------------------------------------------------

--
-- Structure de la table `comment`
--

DROP TABLE IF EXISTS `comment`;
CREATE TABLE IF NOT EXISTS `comment` (
  `id` int(11) NOT NULL AUTO_INCREMENT,
  `title` varchar(255) NOT NULL,
  `content` text NOT NULL,
  `creation_date` datetime NOT NULL,
  `edit_date` datetime DEFAULT NULL,
  `id_article` int(11) NOT NULL,
  `id_user` int(11) NOT NULL,
  `status` tinyint(1) NOT NULL DEFAULT '0',
  PRIMARY KEY (`id`)
) ENGINE=MyISAM AUTO_INCREMENT=19 DEFAULT CHARSET=utf8;

--
-- Déchargement des données de la table `comment`
--

INSERT INTO `comment` (`id`, `title`, `content`, `creation_date`, `edit_date`, `id_article`, `id_user`, `status`) VALUES
(9, 'eqzdqz', 'sfsefd', '2018-03-07 22:03:06', NULL, 48, 1, 1),
(2, 'Mon premier commentaire ! Modier !', 'Ceci est mon premier commentaire ! Mais il est Modifier !', '2018-02-26 14:52:06', '2018-02-28 23:32:51', 25, 1, 1),
(8, 'e', 'sfsef', '2018-03-07 22:03:02', NULL, 48, 1, 1),
(7, 'coucou c\'est nous !', 'salut !', '2018-03-02 23:53:54', NULL, 25, 5, 1),
(10, 'eqzdqz', 'sfsefd', '2018-03-07 22:03:24', '2018-03-07 22:33:03', 48, 1, 1),
(16, 'Un commentaire automatiquement validé !', 'Parce que je suis le superadmin !', '2018-03-15 14:48:05', NULL, 74, 1, 1),
(13, 'test', 'test4', '2018-03-07 22:33:15', NULL, 25, 1, 1),
(15, 'test', 'test', '2018-03-07 22:36:33', '2018-03-07 22:37:15', 47, 5, 0),
(17, 'Moi aussi il est automatiquement ajouté !', 'Par ce que je suis un administrateur !', '2018-03-15 14:48:40', NULL, 74, 7, 1),
(18, 'Pas pour moi !', 'J\'ai du attendre la validation d\'un administrateur ou du super admin ! :(', '2018-03-15 14:50:12', NULL, 74, 5, 1);

-- --------------------------------------------------------

--
-- Structure de la table `role`
--

DROP TABLE IF EXISTS `role`;
CREATE TABLE IF NOT EXISTS `role` (
  `id` int(11) NOT NULL,
  `name` varchar(64) NOT NULL,
  PRIMARY KEY (`id`)
) ENGINE=MyISAM DEFAULT CHARSET=utf8;

--
-- Déchargement des données de la table `role`
--

INSERT INTO `role` (`id`, `name`) VALUES
(0, 'Abonné'),
(1, 'Admin'),
(2, 'Super Admin');

-- --------------------------------------------------------

--
-- Structure de la table `user`
--

DROP TABLE IF EXISTS `user`;
CREATE TABLE IF NOT EXISTS `user` (
  `id` int(11) NOT NULL AUTO_INCREMENT,
  `pseudo` varchar(255) NOT NULL,
  `email` varchar(255) NOT NULL,
  `password` varchar(255) NOT NULL,
  `id_role` tinyint(4) NOT NULL DEFAULT '0',
  PRIMARY KEY (`id`)
) ENGINE=MyISAM AUTO_INCREMENT=12 DEFAULT CHARSET=utf8;

--
-- Déchargement des données de la table `user`
--

INSERT INTO `user` (`id`, `pseudo`, `email`, `password`, `id_role`) VALUES
(1, 'superadmin', 'alexandre.corroy@gmail.com', '$2y$10$4wzD1HCpOhR5SzltMtBSDusldSSPKI0G5AEpQKFOv2tKSWxNyqSbm', 2),
(5, 'subscriber', 'subscriber@gmail.com', '$2y$10$lGG6LMNADSwHH.rrIESsA.wXxhSM933R8WUL1.8zYgvLhF.ulYX7K', 0),
(7, 'admin', 'admin@gmail.com', '$2y$10$49jS9gL5JLbKov.mh.bO5.65Fy9AMWF6cT4TfsjQ9hucRAZcaw3am', 1),
(11, 'monpseudo', 'monpseudo@gmail.com', '$2y$10$HdpK0Bgm78KcLe6svzWiZO5Yn4/ojOHHD3.vyE7EI8DuSvgezmgVC', 0),
(10, 'alexandre', 'alexandre.corroy@gmail.com', '$2y$10$20Qh/MXqga4cRIYT.ug3BOs7wGY8xDFZr8Gm6xO4n6V32EJICC.ZC', 0);
COMMIT;

/*!40101 SET CHARACTER_SET_CLIENT=@OLD_CHARACTER_SET_CLIENT */;
/*!40101 SET CHARACTER_SET_RESULTS=@OLD_CHARACTER_SET_RESULTS */;
/*!40101 SET COLLATION_CONNECTION=@OLD_COLLATION_CONNECTION */;
